"article";"img_number";"problem";"asve_id"
"LO10016101:1995_30:11";"259";"Missing reference in file 1";"IT:ASVe:0040.010.002.004.001."
"LO10016101:1995_30:11";"259";"Missing reference in file 1";"IT:ASVe:0040.010.002.004.001."
"LO10016101:2010_61:4";"106";"Missing reference in file 1";"IT:ASVe:0047.007."
"LO10016101:2010_61:4";"107";"Missing reference in file 1";"IT:ASVe:0040.005.020.002."
"LO10016101:2010_61:4";"109";"Missing reference in file 1";"IT:ASVe:0040.005.020.002."
"LO10016101:2010_61:4";"128";"Missing reference in file 1";"IT:ASVe:0045.001.003.001."
"RAV0164473:2010_9_2:3";"32";"Missing reference in file 1";"IT:ASVe:0040.005.015.002."
"RAV0164473:2010_9_2:3";"33";"Missing reference in file 1";"IT:ASVe:0040.005.020.002."
"RAV0164473:2010_9_2:3";"33";"Missing reference in file 1";"IT:ASVe:0040.005.020.002."
"RAV0164473:2010_9_2:3";"34";"Missing reference in file 1";"IT:ASVe:0040.005.020.002."
"RAV0164473:2010_9_2:3";"35";"Missing reference in file 1";"IT:ASVe:0045.001.001."
"RAV0164473:2010_9_2:3";"36";"Missing reference in file 1";"IT:ASVe:0040.005.020.002."
"RAV0164473:2010_9_2:3";"37";"Missing reference in file 1";"IT:ASVe:0030.010."
"RAV0164473:2010_9_2:3";"37";"Missing reference in file 1";"IT:ASVe:0015.001."
"RAV0164473:2010_9_2:3";"42";"Missing reference in file 1";"IT:ASVe:0045.001.003."
"RAV0164473:2010_9_2:3";"44";"Missing reference in file 1";"IT:ASVe:0030.010."
"RAV0164473:2010_9_2:3";"44";"Missing reference in file 1";"IT:ASVe:0040.005.020.002."
"RAV0164473:2010_9_2:3";"44";"Missing reference in file 1";"IT:ASVe:0030.010."
"RAV0164473:2010_9_2:3";"45";"Missing reference in file 1";"IT:ASVe:0015.001."
"RAV0164473:2010_9_2:3";"46";"Missing reference in file 1";"IT:ASVe:0015.001."
"LO10016101:2013_67:11";"264";"Missing reference in file 1";"IT:ASVe:0785.001."
"LO10016101:2013_67:11";"267";"Missing reference in file 1";"IT:ASVe:0785.001."
"LO10016101:2013_67:11";"267";"Missing reference in file 1";"IT:ASVe:0785.001."
"LO10016101:2013_67:11";"267";"Missing reference in file 1";"IT:ASVe:0030.075."
"LO10016101:2013_67:11";"268";"Missing reference in file 1";"IT:ASVe:0030.075."
"LO10016101:2013_67:11";"269";"Missing reference in file 1";"IT:ASVe:1030.004."
"LO10016101:2013_67:11";"270";"Missing reference in file 1";"IT:ASVe:0785.001."
"LO10016101:2013_67:11";"271";"Missing reference in file 1";"IT:ASVe:0785.001."
"LO10016101:2013_67:11";"272";"Missing reference in file 1";"IT:ASVe:0785.001."
"LO10016101:2013_67:11";"275";"Missing reference in file 1";"IT:ASVe:0030.075."
"LO10016101:2013_67:11";"276";"Missing reference in file 1";"IT:ASVe:1030.004."
"LO10015953:1986_127:3";"48";"Missing reference in file 1";"IT:ASVe:0040.005.020.002."
"LO10015953:1986_127:3";"48";"Missing reference in file 1";"IT:ASVe:0040.005.015.002."
"LO10015953:1986_127:3";"48";"Missing reference in file 1";"IT:ASVe:0040.005.015.002."
"LO10015953:1986_127:3";"48";"Missing reference in file 1";"IT:ASVe:0040.005.015.002."
"LO10015953:1986_127:3";"48, 49";"Missing page in file 1";""
"LO10015953:1986_127:3";"49";"Missing reference in file 1";"IT:ASVe:0040.005.020.002."
"LO10015953:1986_127:3";"49";"Missing reference in file 1";"IT:ASVe:0040.005.020.002."
"LO10015953:1986_127:3";"49";"Missing reference in file 1";"IT:ASVe:0040.005.020.002."
"LO10015953:1986_127:3";"49";"Missing reference in file 1";"IT:ASVe:0425."
"LO10015953:1986_127:3";"49";"Missing reference in file 1";"IT:ASVe:0425."
"LO10015953:1986_127:3";"49";"Missing reference in file 1";"IT:ASVe:0750."
"LO10015953:1986_127:3";"49";"Missing reference in file 1";"IT:ASVe:0040.005.020.002."
"LO10015953:1986_127:3";"49";"Missing reference in file 1";"IT:ASVe:0425."
"LO10015953:1986_127:3";"49";"Missing reference in file 1";"IT:ASVe:0425."
"LO10015953:1986_127:3";"50";"Missing reference in file 1";"IT:ASVe:0425."
"LO10015953:1986_127:3";"52";"Missing reference in file 1";"IT:ASVe:0030.020."
"LO10015953:1986_127:3";"53";"Missing reference in file 1";"IT:ASVe:0295."
"LO10015953:1986_127:3";"53";"Missing reference in file 1";"IT:ASVe:0425."
"LO10015953:1986_127:3";"53";"Missing reference in file 1";"IT:ASVe:0425."
"LO10015953:1986_127:3";"54";"Missing reference in file 1";"IT:ASVe:0345."
"LO10015953:1986_127:3";"54";"Missing reference in file 1";"IT:ASVe:0425."
"LO10015953:1986_127:3";"54";"Missing reference in file 1";"IT:ASVe:0425."
"LO10015953:1986_127:3";"54";"Missing reference in file 1";"IT:ASVe:0425."
"LO10015953:1986_127:3";"54";"Missing reference in file 1";"IT:ASVe:0425."
"LO10015953:1986_127:3";"55";"Missing page in file 1";""
"LO10015953:1986_127:3";"56";"Missing reference in file 1";"IT:ASVe:0425."
"LO10015953:1986_127:3";"56";"Missing reference in file 1";"IT:ASVe:0425."
"LO10015953:1986_127:3";"56";"Missing reference in file 1";"IT:ASVe:0425."
"LO10015953:1986_127:3";"57";"Missing reference in file 1";"IT:ASVe:0345."
"LO10015953:1986_127:3";"57";"Missing reference in file 1";"IT:ASVe:0425."
"LO10015953:1986_127:3";"58";"Missing reference in file 1";"IT:ASVe:0345."
"LO10015953:1986_127:3";"58";"Missing reference in file 1";"IT:ASVe:0295."
"LO10015953:1986_127:3";"59";"Missing reference in file 1";"IT:ASVe:0345."
"LO10015953:1986_127:3";"59";"Missing reference in file 1";"IT:ASVe:0425."
"LO10015953:1986_127:3";"60";"Missing reference in file 1";"IT:ASVe:0425."
"LO10015953:1986_127:3";"60";"Missing reference in file 1";"IT:ASVe:0425."
"LO10015953:1986_127:3";"60";"Missing reference in file 1";"IT:ASVe:0425."
"LO10015953:1986_127:3";"60";"Missing reference in file 1";"IT:ASVe:0425."
"LO10015953:1986_127:3";"61";"Missing page in file 2";""
"LO10016101:1997_34:9";"112";"Missing reference in file 1";"IT:ASVe:0015.001."
"LO10016101:1997_34:9";"113";"Missing reference in file 1";"IT:ASVe:0015.001."
"LO10016101:1997_34:9";"113";"Missing reference in file 1";"IT:ASVe:0015.001."
"LO10016101:1997_34:9";"113";"Missing reference in file 1";"IT:ASVe:0015.001."
"LO10016101:1997_34:9";"114";"Missing reference in file 1";"IT:ASVe:0015.001."
"LO10016101:1997_34:9";"115";"Missing reference in file 1";"IT:ASVe:0015.001."
"LO10016101:1997_34:9";"116";"Missing reference in file 1";"IT:ASVe:0015.001."
"LO10016101:1997_34:9";"116";"Missing reference in file 1";"IT:ASVe:0015.001."
"LO10016101:1997_34:9";"116";"Missing reference in file 1";"IT:ASVe:0015.001."
"LO10016101:1997_34:9";"117";"Missing reference in file 1";"IT:ASVe:0015.001."
"LO10016101:1997_34:9";"117";"Missing reference in file 1";"IT:ASVe:0015.001."
"LO10016101:1997_34:9";"118";"Missing reference in file 1";"IT:ASVe:0015.001."
"LO10016101:1997_34:9";"119";"Missing reference in file 1";"IT:ASVe:0015.001."
"LO10016101:1997_34:9";"119";"Missing reference in file 1";"IT:ASVe:0015.001."
"LO10016101:1997_34:9";"119";"Missing reference in file 1";"IT:ASVe:0015.001."
"LO10016101:1997_34:9";"120";"Missing reference in file 1";"IT:ASVe:0015.001."
"LO10016101:1997_34:9";"121";"Missing reference in file 1";"IT:ASVe:0015.001."
"LO10016101:1997_34:9";"121";"Missing reference in file 1";"IT:ASVe:0015.001."
"LO10016101:1997_34:9";"121";"Missing reference in file 1";"IT:ASVe:0015.001."
"LO10016101:1997_34:9";"124";"Missing reference in file 1";"IT:ASVe:0015.001."
"LO10016101:1997_34:9";"126";"Missing reference in file 1";"IT:ASVe:0015.001."
"LO10016101:1997_34:9";"128";"Missing reference in file 1";"IT:ASVe:0015.001."
"LO10016101:1997_34:9";"128";"Missing reference in file 1";"IT:ASVe:0015.001."
"LO10016101:1997_34:9";"129";"Missing reference in file 1";"IT:ASVe:0015.001."
"LO10016101:1997_34:9";"131";"Missing reference in file 1";"IT:ASVe:0015.001."
"LO10016101:1997_34:9";"132";"Missing reference in file 1";"IT:ASVe:0015.001."
"LO10016101:1997_34:9";"132";"Missing reference in file 1";"IT:ASVe:0015.001."
"LO10016101:1997_34:9";"133";"Missing reference in file 1";"IT:ASVe:0015.001."
"LO10016101:1997_34:9";"134";"Missing reference in file 1";"IT:ASVe:0015.001."
"LO10016101:1997_34:9";"141";"Missing reference in file 1";"IT:ASVe:0015.001."
"LO10016101:1997_34:9";"142";"Missing reference in file 1";"IT:ASVe:0015.001."
"LO10016101:1997_34:9";"142";"Missing reference in file 1";"IT:ASVe:0015.001."
"LO10016101:1997_34:9";"142";"Missing reference in file 1";"IT:ASVe:0015.001."
"LO10016101:1997_34:9";"143";"Missing reference in file 1";"IT:ASVe:0015.001."
"LO10016101:1997_34:9";"144";"Missing page in file 1";""
"LO10016101:1997_34:9";"148";"Missing reference in file 1";"IT:ASVe:0015.001."
"LO10016101:1997_34:9";"148";"Missing reference in file 1";"IT:ASVe:0015.001."
"LO10016101:1997_34:9";"97";"Missing reference in file 1";"IT:ASVe:0015.001."
"LO10015953:1995_144:1";"10";"Missing reference in file 1";"IT:ASVe:0325."
"LO10015953:1995_144:1";"11";"Missing reference in file 1";"IT:ASVe:0325."
"LO10015953:1995_144:1";"14";"Missing reference in file 1";"IT:ASVe:0325."
"LO10015953:1995_144:1";"19";"Missing reference in file 1";"IT:ASVe:0325."
"LO10015953:1995_144:1";"19";"Missing reference in file 1";"IT:ASVe:0325."
"LO10015953:1995_144:1";"6";"Missing reference in file 1";"IT:ASVe:0325.025.002."
"LO10015953:1995_144:1";"6";"Missing reference in file 1";"IT:ASVe:0325.023."
"LO10015953:1995_144:1";"7";"Missing reference in file 2";"IT:ASVe:0325.023."
"LO10015953:1995_144:1";"7";"Missing reference in file 1";"IT:ASVe:0325."
"LO10015953:1995_144:1";"7";"Missing reference in file 1";"IT:ASVe:0325.013.005."
"LO10015953:1995_144:1";"8";"Missing reference in file 1";"IT:ASVe:0345."
"LO10015953:1995_144:1";"8";"Missing reference in file 1";"IT:ASVe:0325."
"LO10015953:1995_144:1";"9";"Missing reference in file 1";"IT:ASVe:0325."
"LO10016101:2005_49:10";"276";"Missing reference in file 1";"IT:ASVe:0040.005.165."
"LO10016101:2005_49:10";"276";"Missing reference in file 1";"IT:ASVe:4966.001."
"LO10016101:1979_3:5";"49";"Missing reference in file 1";"IT:ASVe:0325.109."
"LO10016101:1979_3:5";"49";"Missing reference in file 1";"IT:ASVe:0015.002."
"LO10016101:1979_3:5";"52";"Missing page in file 1";""
"LO10016101:1979_3:5";"55";"Missing page in file 1";""
"LO10016101:1979_3:5";"56";"Missing page in file 1";""
"LO10016101:1979_3:5";"61";"Missing page in file 1";""
"LO10016101:1979_3:5";"62";"Missing page in file 1";""
"LO10016101:1979_3:5";"63";"Missing page in file 1";""
"LO10016101:1979_3:5";"64";"Missing page in file 1";""
"LO10016101:1979_3:5";"66";"Missing page in file 1";""
"LO10016101:1979_3:5";"67";"Missing page in file 1";""
"LO10016101:1979_3:5";"68";"Missing page in file 1";""
"LO10016101:1979_3:5";"70";"Missing page in file 1";""
"LO10016101:1979_3:5";"71";"Missing page in file 1";""
"LO10016101:1979_3:5";"79";"Missing page in file 1";""
"LO10016101:1979_3:5";"80";"Missing page in file 1";""
"LO10016101:1979_3:5";"81";"Missing page in file 1";""
"LO10016101:1979_3:5";"85";"Missing page in file 1";""
"LO10016101:1979_3:5";"88";"Missing page in file 1";""
"LO10016101:1979_3:5";"89";"Missing page in file 1";""
"LO10016101:1979_3:5";"90";"Missing page in file 1";""
"LO10016101:1991_21:6";"251";"Missing reference in file 2";"IT:ASVe:0515."
"LO10016101:1991_21:6";"251";"Missing reference in file 1";"IT:ASVe:0030.075."
"LO10016101:1991_21:6";"253";"Missing reference in file 2";"IT:ASVe:3525.001."
"LO10016101:1991_21:6";"253";"Missing reference in file 2";"IT:ASVe:4050."
"LO10016101:1991_21:6";"253";"Missing reference in file 1";"IT:ASVe:0015.002.003."
"LO10016101:1991_21:6";"253";"Missing reference in file 1";"IT:ASVe:0725."
"LO10016101:1991_21:6";"261";"Missing reference in file 2";"IT:ASVe:0040.005.020."
"LO10016101:1991_21:6";"261";"Missing reference in file 1";"IT:ASVe:4975.003."
"LO10016101:1991_21:6";"263";"Missing reference in file 2";"IT:ASVe:0040.005.005."
"LO10016101:1991_21:6";"263";"Missing reference in file 1";"IT:ASVe:4962."
"LO10016101:1989_18:1";"18";"Missing reference in file 1";"IT:ASVe:0045.001.001.001."
"LO10016101:1989_18:1";"20";"Missing reference in file 1";"IT:ASVe:0045.001.001.001."
"LO10016101:1989_18:1";"20";"Missing reference in file 1";"IT:ASVe:0045.001.001.001."
"LO10016101:1989_18:1";"20";"Missing reference in file 1";"IT:ASVe:0045.001.001.001."
"LO10016101:1989_18:1";"20";"Missing reference in file 1";"IT:ASVe:4110."
"LO10016101:1989_18:1";"21";"Missing reference in file 1";"IT:ASVe:0045.001.001.001."
"LO10016101:1989_18:1";"21";"Missing reference in file 1";"IT:ASVe:0045.001.001.001."
"LO10016101:1989_18:1";"22";"Missing reference in file 1";"IT:ASVe:0045.001.001.001."
"LO10016101:1989_18:1";"22";"Missing reference in file 1";"IT:ASVe:4105."
"LO10016101:1989_18:1";"22";"Missing reference in file 1";"IT:ASVe:0045.001.001.001."
"LO10016101:1989_18:1";"22";"Missing reference in file 1";"IT:ASVe:0045.001.001.001."
"LO10016101:1989_18:1";"22";"Missing reference in file 1";"IT:ASVe:0045.001.001.001."
"LO10016101:1989_18:1";"23";"Missing reference in file 1";"IT:ASVe:0045.001.001.001."
"LO10016101:1989_18:1";"23";"Missing reference in file 1";"IT:ASVe:0045.001.001.001."
"LO10016101:1989_18:1";"23";"Missing reference in file 1";"IT:ASVe:0045.001.001.001."
"LO10016101:1989_18:1";"23";"Missing reference in file 1";"IT:ASVe:0045.001.001.001."
"LO10016101:1989_18:1";"23";"Missing reference in file 1";"IT:ASVe:0045.001.001.001."
"LO10016101:1989_18:1";"24";"Missing reference in file 1";"IT:ASVe:0045.001.001.001."
"LO10016101:1989_18:1";"24";"Missing reference in file 1";"IT:ASVe:0045.001.001.001."
"LO10016101:1989_18:1";"24";"Missing reference in file 1";"IT:ASVe:4110."
"LO10016101:1989_18:1";"24";"Missing reference in file 1";"IT:ASVe:4110."
"LO10016101:1989_18:1";"24";"Missing reference in file 1";"IT:ASVe:0045.001.001.001."
"LO10016101:1989_18:1";"25";"Missing reference in file 1";"IT:ASVe:0045.001.001.001."
"LO10016101:1989_18:1";"25";"Missing reference in file 1";"IT:ASVe:0045.001.001.001."
"LO10016101:1989_18:1";"26";"Missing reference in file 1";"IT:ASVe:0045.001.001.001."
"LO10016101:1989_18:1";"26";"Missing reference in file 1";"IT:ASVe:0045.001.001.001."
"LO10016101:1989_18:1";"26";"Missing reference in file 1";"IT:ASVe:0045.001.001.001."
"LO10016101:1989_18:1";"26";"Missing reference in file 1";"IT:ASVe:0045.001.001.001."
"LO10016101:1989_18:1";"27";"Missing reference in file 1";"IT:ASVe:0045.001.001.001."
"LO10016101:1989_18:1";"27";"Missing reference in file 1";"IT:ASVe:0045.001.001.001."
"LO10016101:1989_18:1";"27";"Missing reference in file 1";"IT:ASVe:0045.001.001.001."
"LO10016101:1989_18:1";"27";"Missing reference in file 1";"IT:ASVe:0045.001.001.001."
"LO10016101:1989_18:1";"27";"Missing reference in file 1";"IT:ASVe:0045.001.001.001."
"LO10016101:1989_18:1";"28";"Missing reference in file 1";"IT:ASVe:4110."
"LO10016101:1989_18:1";"28";"Missing reference in file 1";"IT:ASVe:4110."
"LO10016101:1989_18:1";"28";"Missing reference in file 1";"IT:ASVe:0045.001.001.001."
"LO10016101:1989_18:1";"28";"Missing reference in file 1";"IT:ASVe:0045.001.001.001."
"LO10016101:1989_18:1";"30";"Missing reference in file 1";"IT:ASVe:0045.001.001.001."
"LO10016101:1989_18:1";"30";"Missing reference in file 1";"IT:ASVe:0045.001.001.001."
"LO10016101:1989_18:1";"30";"Missing reference in file 1";"IT:ASVe:0045.001.001.001."
"LO10016101:1989_18:1";"30";"Missing reference in file 1";"IT:ASVe:4110."
"LO10016101:1989_18:1";"31";"Missing reference in file 1";"IT:ASVe:0045.001.001.001."
"LO10016101:1989_18:1";"31";"Missing reference in file 1";"IT:ASVe:0045.001.001.001."
"LO10016101:1989_18:1";"31";"Missing reference in file 1";"IT:ASVe:0045.001.001.001."
"LO10016101:1989_18:1";"31";"Missing reference in file 1";"IT:ASVe:0045.001.001.001."
"LO10016101:1989_18:1";"31";"Missing reference in file 1";"IT:ASVe:0045.001.001.001."
"LO10016101:1989_18:1";"32";"Missing reference in file 1";"IT:ASVe:0045.001.001.001."
"LO10016101:1989_18:1";"32";"Missing reference in file 1";"IT:ASVe:0045.001.001.001."
"LO10016101:1989_18:1";"32";"Missing reference in file 1";"IT:ASVe:0045.001.001.001."
"LO10016101:1989_18:1";"33";"Missing reference in file 1";"IT:ASVe:0045.001.001.001."
"LO10016101:1989_18:1";"33";"Missing reference in file 1";"IT:ASVe:0045.001.001.001."
"LO10016101:1989_18:1";"33";"Missing reference in file 1";"IT:ASVe:0045.001.001.001."
"LO10016101:1989_18:1";"33";"Missing reference in file 1";"IT:ASVe:0045.001.001.001."
"LO10016101:1989_18:1";"34";"Missing reference in file 1";"IT:ASVe:0045.001.001.001."
"LO10016101:1989_18:1";"34";"Missing reference in file 1";"IT:ASVe:0045.001.001.001."
"LO10016101:1989_18:1";"34";"Missing reference in file 1";"IT:ASVe:0045.001.001.001."
"LO10016101:1989_18:1";"35";"Missing reference in file 1";"IT:ASVe:4110."
"LO10016101:1989_18:1";"36";"Missing reference in file 1";"IT:ASVe:4110."
"LO10016101:1989_18:1";"36";"Missing reference in file 1";"IT:ASVe:4110."
"LO10016101:1989_18:1";"36";"Missing reference in file 1";"IT:ASVe:4110."
"LO10016101:1989_18:1";"37";"Missing reference in file 1";"IT:ASVe:0045.001.001.001."
"LO10016101:1989_18:1";"37";"Missing reference in file 1";"IT:ASVe:0045.001.001.001."
"LO10016101:1989_18:1";"37";"Missing reference in file 1";"IT:ASVe:0045.001.001.001."
"LO10016101:1989_18:1";"37";"Missing reference in file 1";"IT:ASVe:0045.001.001.001."
"LO10016101:1989_18:1";"38";"Missing reference in file 1";"IT:ASVe:0045.001.001.001."
"LO10016101:1989_18:1";"38";"Missing reference in file 1";"IT:ASVe:0045.001.001.001."
"LO10016101:1989_18:1";"39";"Missing reference in file 1";"IT:ASVe:4110."
"LO10016101:1989_18:1";"39";"Missing reference in file 1";"IT:ASVe:0045.001.001.001."
"LO10016101:1989_18:1";"39";"Missing reference in file 1";"IT:ASVe:0045.001.001.001."
"LO10016101:1989_18:1";"40";"Missing reference in file 1";"IT:ASVe:0045.001.001.001."
"LO10016101:1989_18:1";"40";"Missing reference in file 1";"IT:ASVe:0045.001.001.001."
"LO10016101:1989_18:1";"41";"Missing reference in file 1";"IT:ASVe:4100."
"LO10016101:1989_18:1";"41";"Missing reference in file 1";"IT:ASVe:4115."
"LO10016101:1989_18:1";"41";"Missing reference in file 1";"IT:ASVe:4100."
"LO10016101:1989_18:1";"42";"Missing reference in file 1";"IT:ASVe:4115."
"LO10016101:1989_18:1";"42";"Missing reference in file 1";"IT:ASVe:4110."
"LO10016101:1989_18:1";"42";"Missing reference in file 1";"IT:ASVe:4110."
"LO10016101:1989_18:1";"43";"Missing reference in file 2";"IT:ASVe:4105."
"LO10016101:1989_18:1";"43";"Missing reference in file 2";"IT:ASVe:4105."
"LO10016101:1989_18:1";"43";"Missing reference in file 1";"IT:ASVe:4110."
"LO10016101:1989_18:1";"43";"Missing reference in file 1";"IT:ASVe:4110."
"LO10016101:1989_18:1";"43";"Missing reference in file 1";"IT:ASVe:4110."
"LO10016101:1989_18:1";"43";"Missing reference in file 1";"IT:ASVe:4100."
"LO10016101:1989_18:1";"44";"Missing reference in file 1";"IT:ASVe:4115."
"LO10016101:1989_18:1";"44";"Missing reference in file 1";"IT:ASVe:0010.001.002."
"LO10016101:1989_18:1";"45";"Missing reference in file 1";"IT:ASVe:0045.001.001.001."
"LO10016101:1989_18:1";"45";"Missing reference in file 1";"IT:ASVe:4115."
"LO10016101:1989_18:1";"45";"Missing reference in file 1";"IT:ASVe:0045.001.001.001."
"LO10016101:1989_18:1";"45";"Missing reference in file 1";"IT:ASVe:0045.001.001.001."
"LO10016101:1989_18:1";"46";"Missing reference in file 1";"IT:ASVe:0045.001.001.001."
"LO10016101:1989_18:1";"46";"Missing reference in file 1";"IT:ASVe:4115."
"LO10016101:1989_18:1";"46";"Missing reference in file 1";"IT:ASVe:4100."
"LO10016101:1989_18:1";"46";"Missing reference in file 1";"IT:ASVe:4100."
"LO10016101:1989_18:1";"46";"Missing reference in file 1";"IT:ASVe:0045.001.003.001."
"LO10016101:1989_18:1";"47";"Missing reference in file 1";"IT:ASVe:4105."
"LO10016101:1989_18:1";"47";"Missing reference in file 1";"IT:ASVe:4105."
"LO10016101:1989_18:1";"48";"Missing reference in file 1";"IT:ASVe:4115."
"LO10016101:1989_18:1";"48";"Missing reference in file 1";"IT:ASVe:0045.001.001.001."
"LO10016101:1989_18:1";"48";"Missing reference in file 1";"IT:ASVe:0045.001.001.001."
"LO10016101:1989_18:1";"49";"Missing reference in file 1";"IT:ASVe:0015.002."
"LO10016101:1989_18:1";"49";"Missing reference in file 1";"IT:ASVe:0045.001.001.001."
"LO10016101:1989_18:1";"50";"Missing reference in file 1";"IT:ASVe:0045.001.001.001."
"LO10016101:1989_18:1";"50";"Missing reference in file 1";"IT:ASVe:0045.001.001.001."
"LO10016101:1989_18:1";"50";"Missing reference in file 1";"IT:ASVe:0045.001.001.001."
"LO10016101:1989_18:1";"50";"Missing reference in file 1";"IT:ASVe:4110."
"LO10016101:1989_18:1";"51";"Missing reference in file 1";"IT:ASVe:0045.001.001.001."
"LO10016101:1989_18:1";"51";"Missing reference in file 1";"IT:ASVe:4110."
"LO10016101:1989_18:1";"51";"Missing reference in file 1";"IT:ASVe:0045.001.001.001."
"LO10016101:1989_18:1";"51";"Missing reference in file 1";"IT:ASVe:0045.001.001.001."
"LO10016101:1989_18:1";"51";"Missing reference in file 1";"IT:ASVe:0045.001.001.001."
"LO10016101:1989_18:1";"52";"Missing reference in file 1";"IT:ASVe:0045.001.001.001."
"LO10016101:1989_18:1";"52";"Missing reference in file 1";"IT:ASVe:4105."
"LO10016101:1989_18:1";"52";"Missing reference in file 1";"IT:ASVe:0045.001.001.001."
"LO10016101:1989_18:1";"53";"Missing reference in file 1";"IT:ASVe:4115."
"LO10016101:1989_18:1";"53";"Missing reference in file 1";"IT:ASVe:0045.001.001.001."
"LO10016101:1989_18:1";"53";"Missing reference in file 1";"IT:ASVe:0045.001.001.001."
"LO10016101:1989_18:1";"53";"Missing reference in file 1";"IT:ASVe:0045.001.001.001."
"LO10016101:1989_18:1";"55";"Missing reference in file 1";"IT:ASVe:0045.001.001.001."
"LO10016101:1989_18:1";"55";"Missing reference in file 1";"IT:ASVe:0045.001.001.001."
"LO10016101:1989_18:1";"55";"Missing reference in file 1";"IT:ASVe:0045.001.001.001."
"LO10016101:1989_18:1";"55";"Missing reference in file 1";"IT:ASVe:0045.001.001.001."
"LO10016101:1989_18:1";"56";"Missing reference in file 1";"IT:ASVe:0045.001.001.001."
"LO10016101:1989_18:1";"57";"Missing reference in file 1";"IT:ASVe:4110."
"LO10016101:1989_18:1";"57";"Missing reference in file 1";"IT:ASVe:4115."
"LO10016101:1989_18:1";"57";"Missing reference in file 1";"IT:ASVe:4110."
"LO10016101:1989_18:1";"57";"Missing reference in file 1";"IT:ASVe:4115."
"LO10016101:1989_18:1";"58";"Missing reference in file 1";"IT:ASVe:0045.001.001.001."
"LO10016101:1989_18:1";"58";"Missing reference in file 1";"IT:ASVe:0045.001.001.001."
"LO10016101:1989_18:1";"58";"Missing reference in file 1";"IT:ASVe:0045.001.001.001."
"LO10016101:1989_18:1";"59";"Missing reference in file 1";"IT:ASVe:0045.001.001.001."
"LO10016101:1989_18:1";"59";"Missing reference in file 1";"IT:ASVe:0045.001.001.001."
"LO10016101:1989_18:1";"59";"Missing reference in file 1";"IT:ASVe:0045.001.001.001."
"LO10016101:1989_18:1";"60";"Missing reference in file 1";"IT:ASVe:0045.001.001.001."
"LO10016101:1989_18:1";"60";"Missing reference in file 1";"IT:ASVe:0045.001.001.001."
"LO10016101:2013_67:5";"121";"Missing page in file 2";""
"LO10016101:2013_67:5";"125";"Missing page in file 2";""
"LO10016101:2013_67:5";"127";"Missing page in file 2";""
"LO10016101:2013_67:5";"128";"Missing page in file 1";""
"LO10016101:2013_67:5";"135";"Missing page in file 2";""
"LO10016101:2013_67:5";"138";"Missing page in file 1";""
"LO10016101:2013_67:5";"139";"Missing reference in file 1";"IT:ASVe:0040.005.025.002."
"LO10016101:2013_67:5";"140";"Missing reference in file 1";"IT:ASVe:0040.005.025.002."
"LO10016101:2013_67:5";"140";"Missing reference in file 1";"IT:ASVe:0040.005.025.002."
"LO10016101:2013_67:5";"142";"Missing reference in file 2";"IT:ASVe:0030.080.001."
"LO10016101:2013_67:5";"142";"Missing reference in file 1";"IT:ASVe:0040.005.025.002."
"LO10016101:2013_67:5";"143";"Missing page in file 1";""
"LO10016101:2013_67:5";"144";"Missing reference in file 1";"IT:ASVe:0040.005.165."
"LO10016101:2013_67:5";"145";"Missing reference in file 1";"IT:ASVe:0005.004.004."
"LO10016101:2013_67:5";"145";"Missing reference in file 1";"IT:ASVe:0040.005.165."
"LO10016101:2013_67:5";"145";"Missing reference in file 1";"IT:ASVe:0040.005.165."
"LO10016101:2013_67:5";"145";"Missing reference in file 1";"IT:ASVe:3525.001."
"LO10016101:2013_67:5";"145";"Missing reference in file 1";"IT:ASVe:3525.001."
"LO10016101:2013_67:5";"146";"Missing page in file 1";""
"LO10016101:2013_67:5";"147";"Missing page in file 1";""
"LO10016101:2013_67:5";"148";"Missing page in file 2";""
"LO10016101:2013_67:5";"149";"Missing page in file 2";""
"LO10016101:2013_67:5";"150";"Missing reference in file 1";"IT:ASVe:3525.001."
"LO10016101:2009_58:8";"415";"Missing page in file 2";""
"LO10016101:2009_58:8";"418";"Missing reference in file 1";"IT:ASVe:3510."
"LO10016101:2009_58:8";"422";"Missing reference in file 1";"IT:ASVe:4966.001."
"LO10016101:2009_58:8";"422";"Missing reference in file 1";"IT:ASVe:0040.005.020.001."
"LO10016101:2009_58:8";"422";"Missing reference in file 1";"IT:ASVe:0040.005.020.002."
"LO10016101:2009_58:8";"422";"Missing reference in file 1";"IT:ASVe:3510."
"LO10016101:2009_58:8";"423";"Missing reference in file 1";"IT:ASVe:0040.005.020.001."
"LO10016101:2009_58:8";"423";"Missing reference in file 1";"IT:ASVe:3510."
"LO10016101:2009_58:8";"423";"Missing reference in file 1";"IT:ASVe:0040.005.020.001."
"LO10016101:2009_58:8";"423";"Missing reference in file 1";"IT:ASVe:0040.005.020.001."
"LO10016101:2009_58:8";"423";"Missing reference in file 1";"IT:ASVe:0040.005.020.002."
"LO10016101:2009_58:8";"424";"Missing reference in file 1";"IT:ASVe:4966.001."
"LO10016101:2009_58:8";"425";"Missing reference in file 1";"IT:ASVe:0445.010.001.001."
"LO10016101:2009_58:8";"425";"Missing reference in file 1";"IT"
"LO10016101:2009_58:8";"425";"Missing reference in file 1";"ASVe"
"LO10016101:2009_58:8";"425";"Missing reference in file 1";"4510"
"LO10016101:2009_58:8";"425";"Missing reference in file 1";"006"
"LO10016101:2009_58:8";"425";"Missing reference in file 1";"IT:ASVe:3525.001."
"LO10016101:2009_58:8";"425";"Missing reference in file 1";"IT"
"LO10016101:2009_58:8";"425";"Missing reference in file 1";"ASVe"
"LO10016101:2009_58:8";"425";"Missing reference in file 1";"4510"
"LO10016101:2009_58:8";"425";"Missing reference in file 1";"006"
"LO10016101:2009_58:8";"425";"Missing reference in file 1";"IT:ASVe:0325.013."
"LO10016101:2009_58:8";"425";"Missing reference in file 1";"IT:ASVe:0325.012.002."
"LO10016101:2009_58:8";"425";"Missing reference in file 1";"IT:ASVe:0325.013."
"LO10016101:2009_58:8";"425";"Missing reference in file 1";"IT:ASVe:0325.012.002."
"LO10016101:2009_58:8";"425";"Missing reference in file 1";"IT:ASVe:3525.001."
"LO10016101:2009_58:8";"427";"Missing reference in file 1";"IT:ASVe:3525.001."
"LO10016101:2009_58:8";"427";"Missing reference in file 1";"IT:ASVe:0320.008."
"LO10016101:2009_58:8";"427";"Missing reference in file 1";"IT:ASVe:0320.008."
"LO10016101:2009_58:8";"427";"Missing reference in file 1";"IT:ASVe:0040.005.080.001."
"LO10016101:2009_58:8";"427";"Missing reference in file 1";"IT:ASVe:0040.005.080.001."
"LO10016101:2009_58:8";"428";"Missing reference in file 1";"IT:ASVe:3525.001."
"LO10016101:2009_58:8";"429";"Missing reference in file 1";"IT:ASVe:3028."
"LO10016101:2009_58:8";"429";"Missing reference in file 1";"IT:ASVe:3510."
"LO10016101:2009_58:8";"429";"Missing reference in file 1";"IT:ASVe:3525.001."
"LO10016101:2009_58:8";"430";"Missing reference in file 1";"IT:ASVe:3525.001."
"LO10016101:2009_58:8";"430";"Missing reference in file 1";"IT"
"LO10016101:2009_58:8";"430";"Missing reference in file 1";"ASVe"
"LO10016101:2009_58:8";"430";"Missing reference in file 1";"4510"
"LO10016101:2009_58:8";"430";"Missing reference in file 1";"006"
"LO10016101:2009_58:8";"430";"Missing reference in file 1";"IT"
"LO10016101:2009_58:8";"430";"Missing reference in file 1";"ASVe"
"LO10016101:2009_58:8";"430";"Missing reference in file 1";"4510"
"LO10016101:2009_58:8";"430";"Missing reference in file 1";"006"
"LO10016101:2009_58:8";"430";"Missing reference in file 1";"IT"
"LO10016101:2009_58:8";"430";"Missing reference in file 1";"ASVe"
"LO10016101:2009_58:8";"430";"Missing reference in file 1";"4510"
"LO10016101:2009_58:8";"430";"Missing reference in file 1";"006"
"LO10016101:2009_58:8";"430";"Missing reference in file 1";"IT"
"LO10016101:2009_58:8";"430";"Missing reference in file 1";"ASVe"
"LO10016101:2009_58:8";"430";"Missing reference in file 1";"4510"
"LO10016101:2009_58:8";"430";"Missing reference in file 1";"006"
"LO10016101:2009_58:8";"431";"Missing reference in file 2";"IT:ASVe:4510.006."
"LO10016101:2009_58:8";"431";"Missing reference in file 1";"IT"
"LO10016101:2009_58:8";"431";"Missing reference in file 1";"ASVe"
"LO10016101:2009_58:8";"431";"Missing reference in file 1";"4510"
"LO10016101:2009_58:8";"431";"Missing reference in file 1";"006"
"LO10016101:2009_58:8";"431";"Missing reference in file 1";"IT:ASVe:3525.001."
"LO10016101:2009_58:8";"431";"Missing reference in file 1";"IT:ASVe:3525.001."
"LO10015953:2010_175:2";"100";"Missing page in file 2";""
"LO10015953:2010_175:2";"101";"Missing page in file 2";""
"LO10015953:2010_175:2";"109";"Missing page in file 2";""
"LO10015953:2010_175:2";"81";"Missing page in file 2";""
"LO10015953:2010_175:2";"83";"Missing reference in file 1";"IT:ASVe:2005.001.020.022."
"LO10015953:2010_175:2";"84";"Missing reference in file 1";"IT:ASVe:4590."
"LO10015953:2010_175:2";"85";"Missing page in file 2";""
"LO10015953:2010_175:2";"86";"Missing page in file 2";""
"LO10015953:2010_175:2";"87";"Missing page in file 2";""
"LO10015953:2010_175:2";"88";"Missing page in file 2";""
"LO10015953:2010_175:2";"90";"Missing page in file 2";""
"LO10015953:2010_175:2";"93";"Missing page in file 2";""
"LO10015953:2010_175:2";"94";"Missing page in file 2";""
"LO10015953:2010_175:2";"95";"Missing reference in file 1";"IT:ASVe:2006."
"LO10015953:2010_175:2";"97";"Missing page in file 2";""
"LO10016101:1991_22:5";"136";"Missing reference in file 2";"IT:ASVe:0840.080."
"LO10016101:1991_22:5";"136";"Missing reference in file 2";"IT:ASVe:3505."
"LO10016101:1991_22:5";"136";"Missing reference in file 1";"IT:ASVe:8000.001.008.014."
"LO10016101:1991_22:5";"136";"Missing reference in file 1";"IT:ASVe:3507."
"LO10016101:1991_22:5";"140";"Missing reference in file 1";"IT:ASVe:0345."
"LO10016101:1991_22:5";"141";"Missing reference in file 1";"IT:ASVe:0345."
"LO10016101:1991_22:5";"142";"Missing reference in file 1";"IT:ASVe:0335."
"LO10016101:1991_22:5";"144";"Missing reference in file 1";"IT:ASVe:0335."
"LO10016101:1991_22:5";"147";"Missing reference in file 1";"IT:ASVe:0335."
"LO10016101:1991_22:5";"154";"Missing page in file 2";""
"LO10016101:1991_22:5";"164";"Missing reference in file 1";"IT:ASVe:0010.001.002."
"LO10016101:2003_45:10";"211";"Missing reference in file 1";"IT:ASVe:3012."
"LO10016101:2003_45:10";"213";"Missing reference in file 2";"IT:ASVe:0840.010."
"LO10016101:2003_45:10";"213";"Missing reference in file 2";"IT:ASVe:0840.010."
"LO10016101:2003_45:10";"213";"Missing reference in file 1";"IT:ASVe:1010."
"LO10016101:2003_45:10";"213";"Missing reference in file 1";"IT:ASVe:3012."
"LO10016101:2003_45:10";"213";"Missing reference in file 1";"IT:ASVe:3012."
"LO10016101:2003_45:10";"213";"Missing reference in file 1";"IT:ASVe:3012."
"LO10016101:2003_45:10";"213";"Missing reference in file 1";"IT:ASVe:3012."
"LO10016101:2003_45:10";"213";"Missing reference in file 1";"IT:ASVe:3012."
"LO10016101:2003_45:10";"213";"Missing reference in file 1";"IT:ASVe:3012."
"LO10016101:2003_45:10";"213";"Missing reference in file 1";"IT:ASVe:3012."
"LO10016101:2003_45:10";"213";"Missing reference in file 1";"IT:ASVe:3012."
"LO10016101:2003_45:10";"213";"Missing reference in file 1";"IT:ASVe:3012."
"LO10016101:2003_45:10";"213";"Missing reference in file 1";"IT:ASVe:3012."
"LO10016101:2003_45:10";"213";"Missing reference in file 1";"IT:ASVe:3012."
"LO10016101:2003_45:10";"214";"Missing reference in file 1";"IT:ASVe:3012."
"LO10016101:2003_45:10";"214";"Missing reference in file 1";"IT:ASVe:3012."
"LO10016101:2003_45:10";"214";"Missing reference in file 1";"IT:ASVe:3020.001."
"LO10016101:2003_45:10";"214";"Missing reference in file 1";"IT:ASVe:3012."
"LO10016101:2003_45:10";"219";"Missing reference in file 1";"IT:ASVe:3505."
"LO10016101:2003_45:10";"219";"Missing reference in file 1";"IT:ASVe:3525.001."
"LO10016101:2003_45:10";"220";"Missing reference in file 1";"IT:ASVe:3505."
"LO10016101:2003_45:10";"221";"Missing reference in file 1";"IT:ASVe:3525.001."
"LO10016101:2003_45:10";"221";"Missing reference in file 1";"IT:ASVe:3012."
"LO10016101:2003_45:10";"221";"Missing reference in file 1";"IT:ASVe:3012."
"LO10016101:2003_45:10";"221";"Missing reference in file 1";"IT:ASVe:3012."
"LO10016101:2003_45:10";"221";"Missing reference in file 1";"IT:ASVe:3012."
"LO10016101:2003_45:10";"221";"Missing reference in file 1";"IT:ASVe:3012."
"LO10016101:2003_45:10";"222";"Missing reference in file 1";"IT:ASVe:3012."
"LO10016101:2003_45:10";"222";"Missing reference in file 1";"IT:ASVe:3012."
"LO10016101:2003_45:10";"222";"Missing reference in file 1";"IT:ASVe:3012."
"LO10016101:2003_45:10";"222";"Missing reference in file 1";"IT:ASVe:3012."
"LO10016101:2003_45:10";"222";"Missing reference in file 1";"IT:ASVe:3525.001."
"LO10016101:2003_45:10";"222";"Missing reference in file 1";"IT:ASVe:3012."
"LO10016101:2003_45:10";"222";"Missing reference in file 1";"IT:ASVe:3012."
"LO10016101:2003_45:10";"223";"Missing reference in file 2";"IT:ASVe:4966.001."
"LO10016101:2003_45:10";"223";"Missing reference in file 1";"IT:ASVe:3012."
"LO10016101:2003_45:10";"223";"Missing reference in file 1";"IT:ASVe:0840.010."
"LO10016101:2013_67:17";"449";"Missing reference in file 1";"IT:ASVe:0975."
"LO10016101:2013_67:17";"459";"Missing reference in file 1";"IT:ASVe:4966.001."
"LO10016101:1992_24:5";"213";"Missing reference in file 2";"IT:ASVe:1205."
"LO10016101:1992_24:5";"213";"Missing reference in file 1";"IT:ASVe:4975.147."
"LO10016101:1992_24:5";"216";"Missing reference in file 2";"IT:ASVe:1205."
"LO10016101:1992_24:5";"216";"Missing reference in file 1";"IT:ASVe:4975.147."
"LO10016101:1992_24:5";"223";"Missing reference in file 2";"IT:ASVe:1205."
"LO10016101:1992_24:5";"223";"Missing reference in file 1";"IT:ASVe:4975.147."
"LO10016101:1992_24:5";"224";"Missing reference in file 2";"IT:ASVe:1205."
"LO10016101:1992_24:5";"224";"Missing reference in file 1";"IT:ASVe:4975.147."
"LO10016101:1992_24:5";"228";"Missing reference in file 2";"IT:ASVe:1205."
"LO10016101:1992_24:5";"228";"Missing reference in file 1";"IT:ASVe:4975.147."
"LO10016101:1992_24:5";"253";"Missing reference in file 2";"IT:ASVe:1205."
"LO10016101:1992_24:5";"253";"Missing reference in file 1";"IT:ASVe:4975.147."
"LO10016101:1992_24:5";"255";"Missing reference in file 2";"IT:ASVe:1205."
"LO10016101:1992_24:5";"255";"Missing reference in file 1";"IT:ASVe:4975.147."
"LO10016101:1992_24:5";"260";"Missing reference in file 2";"IT:ASVe:1205."
"LO10016101:1992_24:5";"260";"Missing reference in file 1";"IT:ASVe:4975.147."
"LO10016101:1992_24:5";"262";"Missing reference in file 2";"IT:ASVe:1205."
"LO10016101:1992_24:5";"262";"Missing reference in file 1";"IT:ASVe:4975.147."
"LO10016101:1992_24:5";"264";"Missing reference in file 2";"IT:ASVe:1205."
"LO10016101:1992_24:5";"264";"Missing reference in file 1";"IT:ASVe:4975.147."
"LO10016101:1992_24:5";"266";"Missing reference in file 2";"IT:ASVe:1205."
"LO10016101:1992_24:5";"266";"Missing reference in file 1";"IT:ASVe:4975.147."
"RAV0164473:1985_23:5";"73";"Missing reference in file 2";"IT:ASVe:0325."
"RAV0164473:1985_23:5";"73";"Missing reference in file 1";"IT:ASVe:4966.003."
"RAV0164473:1985_23:5";"73";"Missing reference in file 1";"IT:ASVe:4966.003."
"RAV0164473:1985_23:5";"73";"Missing reference in file 1";"IT:ASVe:4966.003."
"RAV0164473:1985_23:5";"73";"Missing reference in file 1";"IT:ASVe:0325.012.002."
"RAV0164473:1985_23:5";"73";"Missing reference in file 1";"IT:ASVe:0325.012.002."
"RAV0164473:1985_23:5";"74";"Missing reference in file 2";"IT:ASVe:0325."
"RAV0164473:1985_23:5";"74";"Missing reference in file 2";"IT:ASVe:0325."
"RAV0164473:1985_23:5";"74";"Missing reference in file 2";"IT:ASVe:0325."
"RAV0164473:1985_23:5";"74";"Missing reference in file 1";"IT:ASVe:0325.020."
"RAV0164473:1985_23:5";"74";"Missing reference in file 1";"IT:ASVe:0325.020."
"RAV0164473:1985_23:5";"74";"Missing reference in file 1";"IT:ASVe:4966.001."
"RAV0164473:1985_23:5";"74";"Missing reference in file 1";"IT:ASVe:4966.001."
"RAV0164473:1985_23:5";"74";"Missing reference in file 1";"IT:ASVe:4966.003."
"RAV0164473:1985_23:5";"74";"Missing reference in file 1";"IT:ASVe:4966.001."
"RAV0164473:1985_23:5";"74";"Missing reference in file 1";"IT:ASVe:0325.020."
"RAV0164473:1985_23:5";"74";"Missing reference in file 1";"IT:ASVe:4966.003."
"RAV0164473:1985_23:5";"74";"Missing reference in file 1";"IT:ASVe:4590."
"RAV0164473:1985_23:5";"74";"Missing reference in file 1";"IT:ASVe:4966.001."
"RAV0164473:1985_23:5";"74";"Missing reference in file 1";"IT:ASVe:4966.003."
"RAV0164473:1985_23:5";"75";"Missing reference in file 1";"IT:ASVe:4966.001."
"RAV0164473:1985_23:5";"75";"Missing reference in file 1";"IT:ASVe:4966.003."
"RAV0164473:1985_23:5";"75";"Missing reference in file 1";"IT:ASVe:4966.001."
"RAV0164473:1985_23:5";"75";"Missing reference in file 1";"IT:ASVe:4966.003."
"RAV0164473:1985_23:5";"75";"Missing reference in file 1";"IT:ASVe:4966.001."
"RAV0164473:1985_23:5";"75";"Missing reference in file 1";"IT:ASVe:4966.001."
"RAV0164473:1985_23:5";"75";"Missing reference in file 1";"IT:ASVe:4966.003."
"RAV0164473:1985_23:5";"75";"Missing reference in file 1";"IT:ASVe:4966.003."
"RAV0164473:1985_23:5";"75";"Missing reference in file 1";"IT:ASVe:4966.003."
"RAV0164473:1985_23:5";"76";"Missing reference in file 2";"IT:ASVe:0325."
"RAV0164473:1985_23:5";"76";"Missing reference in file 2";"IT:ASVe:0325."
"RAV0164473:1985_23:5";"76";"Missing reference in file 2";"IT:ASVe:0325."
"RAV0164473:1985_23:5";"76";"Missing reference in file 2";"IT:ASVe:0325."
"RAV0164473:1985_23:5";"76";"Missing reference in file 2";"IT:ASVe:0325."
"RAV0164473:1985_23:5";"76";"Missing reference in file 2";"IT:ASVe:0325."
"RAV0164473:1985_23:5";"76";"Missing reference in file 2";"IT:ASVe:0325."
"RAV0164473:1985_23:5";"76";"Missing reference in file 2";"IT:ASVe:0325."
"RAV0164473:1985_23:5";"76";"Missing reference in file 2";"IT:ASVe:0325."
"RAV0164473:1985_23:5";"76";"Missing reference in file 1";"IT:ASVe:4966.003."
"RAV0164473:1985_23:5";"76";"Missing reference in file 1";"IT:ASVe:0325.013.005."
"RAV0164473:1985_23:5";"76";"Missing reference in file 1";"IT:ASVe:0325.013.008."
"RAV0164473:1985_23:5";"76";"Missing reference in file 1";"IT:ASVe:0325.013.008."
"RAV0164473:1985_23:5";"76";"Missing reference in file 1";"IT:ASVe:0325.013.008."
"RAV0164473:1985_23:5";"76";"Missing reference in file 1";"IT:ASVe:0325.013.008."
"RAV0164473:1985_23:5";"76";"Missing reference in file 1";"IT:ASVe:0325.013.008."
"RAV0164473:1985_23:5";"76";"Missing reference in file 1";"IT:ASVe:0325.013.008."
"RAV0164473:1985_23:5";"76";"Missing reference in file 1";"IT:ASVe:0325.013.008."
"RAV0164473:1985_23:5";"76";"Missing reference in file 1";"IT:ASVe:0325.020."
"RAV0164473:1985_23:5";"76";"Missing reference in file 1";"IT:ASVe:4966.003."
"RAV0164473:1985_23:5";"76";"Missing reference in file 1";"IT:ASVe:0325.013.008."
"RAV0164473:1985_23:5";"76";"Missing reference in file 1";"IT:ASVe:0325.013.008."
"RAV0164473:1985_23:5";"76";"Missing reference in file 1";"IT:ASVe:0325.013.008."
"RAV0164473:1985_23:5";"76";"Missing reference in file 1";"IT:ASVe:0325.020."
"RAV0164473:1985_23:5";"76";"Missing reference in file 1";"IT:ASVe:4966.001."
"RAV0164473:1985_23:5";"76";"Missing reference in file 1";"IT:ASVe:0325.020."
"LO10016101:2010_60:3";"50";"Missing reference in file 1";"IT:ASVe:3510."
"LO10016101:2010_60:3";"51";"Missing reference in file 1";"IT:ASVe:3510."
"LO10016101:2010_60:3";"51";"Missing reference in file 1";"IT:ASVe:3510."
"LO10016101:2010_60:3";"52";"Missing reference in file 1";"IT:ASVe:0040.005.050.001."
"LO10016101:2010_60:3";"59";"Missing reference in file 1";"IT:ASVe:3510."
"LO10016101:1970_12:8";"156";"Missing reference in file 1";"IT:ASVe:0325.111."
"LO10016101:1970_12:8";"160";"Missing reference in file 1";"IT:ASVe:0325.109."
"LO10015953:2013_5:8";"108";"Missing reference in file 1";"IT:ASVe:3056."
"LO10015953:2013_5:8";"111";"Missing reference in file 1";"IT:ASVe:3525.001."
"LO10015953:2013_5:8";"112";"Missing reference in file 1";"IT:ASVe:0720.072."
"LO10015953:2013_5:8";"113";"Missing reference in file 1";"IT:ASVe:0720.072."
"LO10015953:2013_5:8";"113";"Missing reference in file 1";"IT:ASVe:0720.050."
"LO10015953:2013_5:8";"114";"Missing reference in file 1";"IT:ASVe:3525.001."
"LO10015953:2013_5:8";"115";"Missing reference in file 1";"IT:ASVe:3525.002."
"LO10015953:2013_5:8";"117";"Missing reference in file 1";"IT:ASVe:3510."
"LO10015953:2013_5:8";"119";"Missing reference in file 1";"IT:ASVe:3525.002."
"LO10015953:2013_5:8";"119";"Missing reference in file 1";"IT:ASVe:0840.080."
"LO10015953:2013_5:8";"119";"Missing reference in file 1";"IT:ASVe:3525.001."
"LO10015953:2013_5:8";"119";"Missing reference in file 1";"IT:ASVe:3525.001."
"LO10015953:2013_5:8";"119";"Missing reference in file 1";"IT:ASVe:3525.001."
"LO10015953:2013_5:8";"119";"Missing reference in file 1";"IT:ASVe:4966.001."
"LO10015953:2013_5:8";"121";"Missing reference in file 1";"IT:ASVe:3525.001."
"LO10015953:2013_5:8";"122";"Missing reference in file 2";"IT:ASVe:0445.010.001.001."
"LO10015953:2013_5:8";"122";"Missing reference in file 1";"IT:ASVe:0445"
"LO10015953:2013_5:8";"122";"Missing reference in file 1";"IT:ASVe:3525.002."
"LO10015953:2013_5:8";"122";"Missing reference in file 1";"IT:ASVe:3525.001."
"LO10015953:2013_5:8";"122";"Missing reference in file 1";"IT:ASVe:3525.002."
"LO10015953:2013_5:8";"122";"Missing reference in file 1";"IT:ASVe:3525.001."
"LO10015953:2013_5:8";"122";"Missing reference in file 1";"IT:ASVe:3525.001."
"LO10015953:2013_5:8";"123";"Missing reference in file 1";"IT:ASVe:0840.080."
"LO10015953:2013_5:8";"123";"Missing reference in file 1";"IT:ASVe:3056."
"LO10015953:2013_5:8";"124";"Missing reference in file 1";"IT:ASVe:0325."
"LO10015953:2013_5:8";"124";"Missing reference in file 1";"IT:ASVe:3510."
"LO10015953:2013_5:8";"124";"Missing reference in file 1";"IT:ASVe:3525.001."
"LO10015953:2013_5:8";"125";"Missing reference in file 1";"IT:ASVe:3510."
"LO10015953:2013_5:8";"125";"Missing reference in file 1";"IT:ASVe:3525.001."
"LO10015953:2013_5:8";"126";"Missing reference in file 1";"IT:ASVe:3525.001."
"LO10015953:2013_5:8";"126";"Missing reference in file 1";"IT:ASVe:0720.072."
"LO10015953:2013_5:8";"127";"Missing reference in file 2";"IT:ASVe:0720.072."
"LO10015953:2013_5:8";"127";"Missing reference in file 1";"IT:ASVe:3056."
"LO10015953:2013_5:8";"127";"Missing reference in file 1";"IT:ASVe:0840.030."
"LO10015953:2013_5:8";"128";"Missing reference in file 1";"IT:ASVe:3510."
"LO10015953:2013_5:8";"128";"Missing reference in file 1";"IT:ASVe:3510."
"LO10015953:2013_5:8";"128";"Missing reference in file 1";"IT:ASVe:3510."
"LO10015953:2013_5:8";"128";"Missing reference in file 1";"IT:ASVe:3510."
"LO10015953:2013_5:8";"128";"Missing reference in file 1";"IT:ASVe:3510."
"LO10015953:2013_5:8";"128";"Missing reference in file 1";"IT:ASVe:3510."
"LO10015953:2013_5:8";"129";"Missing reference in file 1";"IT:ASVe:0855."
"LO10015953:2013_5:8";"129";"Missing reference in file 1";"IT:ASVe:3525.001."
"LO10015953:2013_5:8";"129";"Missing reference in file 1";"IT:ASVe:3525.001."
"LO10015953:2013_5:8";"130";"Missing reference in file 1";"IT:ASVe:0720.072."
"LO10015953:2013_5:8";"130";"Missing reference in file 1";"IT:ASVe:3525.001."
"LO10015953:2013_5:8";"130";"Missing reference in file 1";"IT:ASVe:3510."
"LO10015953:2013_5:8";"131";"Missing reference in file 1";"IT:ASVe:3525.001."
"LO10015953:2013_5:8";"132";"Missing reference in file 1";"IT:ASVe:3525.001."
"LO10015953:2013_5:8";"133";"Missing page in file 1";""
"LO10015953:2013_5:8";"134";"Missing page in file 2";""
"LO10015953:2013_5:8";"135";"Missing reference in file 1";"IT:ASVe:3525.001."
"LO10015953:2013_5:8";"135";"Missing reference in file 1";"IT:ASVe:3510."
"LO10015953:2013_5:8";"135";"Missing reference in file 1";"IT:ASVe:3510."
"LO10015953:2013_5:8";"136";"Missing reference in file 1";"IT:ASVe:3525.001."
"LO10015953:2013_5:8";"137";"Missing reference in file 2";"IT:ASVe:0835.065."
"LO10015953:2013_5:8";"137";"Missing reference in file 1";"IT"
"LO10015953:2013_5:8";"137";"Missing reference in file 1";"ASVe"
"LO10015953:2013_5:8";"137";"Missing reference in file 1";"0835"
"LO10015953:2013_5:8";"137";"Missing reference in file 1";"065"
"LO10015953:2013_5:8";"137";"Missing reference in file 1";"IT:ASVe:3525.001."
"LO10015953:2013_5:8";"137";"Missing reference in file 1";"IT:ASVe:3510."
"LO10015953:2013_5:8";"138";"Missing reference in file 1";"IT:ASVe:3510."
"LO10015953:2013_5:8";"139";"Missing reference in file 1";"IT:ASVe:3525.001."
"LO10015953:2013_5:8";"139";"Missing reference in file 1";"IT:ASVe:3510."
"LO10015953:2013_5:8";"139";"Missing reference in file 1";"IT:ASVe:3525.001."
"LO10015953:2013_5:8";"139";"Missing reference in file 1";"IT:ASVe:3510."
"LO10015953:2013_5:8";"140";"Missing reference in file 1";"IT:ASVe:0840.080."
"LO10015953:2013_5:8";"142";"Missing reference in file 2";"IT:ASVe:0785."
"LO10015953:2013_5:8";"142";"Missing reference in file 1";"IT:ASVe:0320.008."
"LO10015953:2013_5:8";"142";"Missing reference in file 1";"IT:ASVe:0320.008."
"LO10015953:2013_5:8";"142";"Missing reference in file 1";"IT"
"LO10015953:2013_5:8";"142";"Missing reference in file 1";"ASVe"
"LO10015953:2013_5:8";"142";"Missing reference in file 1";"032.027.001."
"LO10015953:2013_5:8";"143";"Missing reference in file 1";"IT:ASVe:0325.027.001."
"LO10015953:2013_5:8";"144";"Missing reference in file 1";"IT:ASVe:3525.001."
"LO10015953:2013_5:8";"144";"Missing reference in file 1";"IT:ASVe:3525.001."
"LO10015953:2013_5:8";"144";"Missing reference in file 1";"IT:ASVe:3525.001."
"LO10015953:2013_5:8";"144";"Missing reference in file 1";"IT:ASVe:0325."
"LO10016101:1987_14:3";"182";"Missing reference in file 1";"IT:ASVe:4110."
"LO10016101:1987_14:3";"182";"Missing reference in file 1";"IT:ASVe:0045.001.001.001."
"LO10016101:1987_14:3";"183";"Missing reference in file 1";"IT:ASVe:4110."
"LO10016101:1987_14:3";"183";"Missing reference in file 1";"IT:ASVe:4110."
"LO10016101:1987_14:3";"184";"Missing reference in file 1";"IT:ASVe:4110."
"LO10016101:1987_14:3";"184";"Missing reference in file 1";"IT:ASVe:4110."
"LO10016101:1987_14:3";"186";"Missing reference in file 1";"IT:ASVe:4110."
"LO10016101:1987_14:3";"188";"Missing reference in file 1";"IT:ASVe:4110."
"LO10016101:1987_14:3";"188";"Missing reference in file 1";"IT:ASVe:4110."
"LO10016101:1987_14:3";"188";"Missing reference in file 1";"IT:ASVe:4110."
"LO10016101:1987_14:3";"188";"Missing reference in file 1";"IT:ASVe:4110."
"LO10016101:1987_14:3";"191";"Missing reference in file 1";"IT:ASVe:4115."
"LO10016101:1987_14:3";"191";"Missing reference in file 1";"IT:ASVe:4120."
"LO10016101:1987_14:3";"191";"Missing reference in file 1";"IT:ASVe:4110."
"LO10016101:1987_14:3";"191";"Missing reference in file 1";"IT:ASVe:0045.001.001.001."
"LO10016101:1987_14:3";"192";"Missing reference in file 1";"IT:ASVe:0045.001.001.001."
"LO10016101:1987_14:3";"192";"Missing reference in file 1";"IT:ASVe:4110."
"LO10016101:1987_14:3";"193";"Missing reference in file 1";"IT:ASVe:4110."
"LO10016101:1987_14:3";"194";"Missing reference in file 2";"IT:ASVe:4120.910.010."
"LO10016101:1987_14:3";"194";"Missing reference in file 1";"IT:ASVe:4120."
"LO10016101:1987_14:3";"195";"Missing reference in file 1";"IT:ASVe:4105."
"LO10016101:1987_14:3";"195";"Missing reference in file 1";"IT:ASVe:0045.001.001.001."
"LO10016101:1987_14:3";"195";"Missing reference in file 1";"IT:ASVe:4115."
"LO10016101:1987_14:3";"195";"Missing reference in file 1";"IT:ASVe:4120."
"LO10016101:1987_14:3";"195";"Missing reference in file 1";"IT:ASVe:0045.001.001.001."
"LO10016101:1987_14:3";"195";"Missing reference in file 1";"IT:ASVe:4110."
"LO10016101:1987_14:3";"195";"Missing reference in file 1";"IT:ASVe:0045.001.001.002."
"LO10016101:1987_14:3";"196";"Missing reference in file 1";"IT:ASVe:0045.001.001.001."
"LO10016101:1987_14:3";"196";"Missing reference in file 1";"IT:ASVe:4105."
"LO10016101:1987_14:3";"197";"Missing reference in file 1";"IT:ASVe:4105."
"LO10016101:1987_14:3";"197";"Missing reference in file 1";"IT:ASVe:4966.001."
"LO10016101:1987_14:3";"198";"Missing reference in file 1";"IT:ASVe:4105."
"LO10016101:1987_14:3";"198";"Missing reference in file 1";"IT:ASVe:4105."
"LO10016101:1987_14:3";"199";"Missing reference in file 1";"IT:ASVe:4105."
"LO10016101:1987_14:3";"199";"Missing reference in file 1";"IT:ASVe:4105."
"LO10016101:1987_14:3";"199";"Missing reference in file 1";"IT:ASVe:4100."
"LO10016101:1987_14:3";"199";"Missing reference in file 1";"IT:ASVe:4100."
"LO10016101:1987_14:3";"201";"Missing reference in file 1";"IT:ASVe:4105."
"LO10016101:1987_14:3";"201";"Missing reference in file 1";"IT:ASVe:4105."
"LO10016101:1987_14:3";"202";"Missing reference in file 1";"IT:ASVe:4105."
"LO10016101:1987_14:3";"202";"Missing reference in file 1";"IT:ASVe:4105."
"LO10016101:1987_14:3";"202";"Missing reference in file 1";"IT:ASVe:4105."
"LO10016101:1987_14:3";"202";"Missing reference in file 1";"IT:ASVe:4105."
"LO10016101:1987_14:3";"203";"Missing reference in file 1";"IT:ASVe:4120."
"LO10016101:1987_14:3";"203";"Missing reference in file 1";"IT:ASVe:4120."
"LO10016101:1987_14:3";"205";"Missing reference in file 1";"IT:ASVe:0045.001.001.001."
"LO10016101:1987_14:3";"206";"Missing reference in file 1";"IT:ASVe:0045.001.003.001."
"LO10016101:1987_14:3";"213";"Missing reference in file 1";"IT:ASVe:0045.001.003.001."
"LO10015953:1963_73:2";"19";"Missing reference in file 1";"IT:ASVe:0040.005.020.002."
"LO10015953:1963_73:2";"19";"Missing reference in file 1";"IT:ASVe:0040.005.020.002."
"LO10015953:1963_73:2";"20";"Missing reference in file 1";"IT:ASVe:0045.001.003.002."
"LO10015953:1963_73:2";"20";"Missing reference in file 1";"IT:ASVe:0040.005.020.002."
"LO10015953:1963_73:2";"23";"Missing reference in file 1";"IT:ASVe:0040.005.020.002."
"LO10015953:1963_73:2";"23";"Missing reference in file 1";"IT:ASVe:0040.005.020.002."
"LO10015953:1963_73:2";"23";"Missing reference in file 1";"IT:ASVe:0720.072."
"LO10015953:1963_73:2";"30";"Missing reference in file 1";"IT:ASVe:0755."
"LO10015953:1963_73:2";"32";"Missing reference in file 1";"IT:ASVe:0040.005.020.002."
"LO10016101:1999_38:12";"261";"Missing reference in file 2";"IT:ASVe:3510."
"LO10016101:1999_38:12";"261";"Missing reference in file 1";"IT:ASVe:4490."
"LO10016101:1999_38:12";"261";"Missing reference in file 1";"IT:ASVe:4490."
"LO10016101:1999_38:12";"261";"Missing reference in file 1";"IT:ASVe:3400.001."
"LO10016101:1999_38:12";"262";"Missing reference in file 1";"IT:ASVe:3525.001."
"LO10016101:1999_38:12";"262";"Missing reference in file 1";"IT:ASVe:4966.001."
"LO10016101:1999_38:12";"262";"Missing reference in file 1";"IT:ASVe:3525.001."
"LO10016101:1999_38:12";"267";"Missing reference in file 2";"IT:ASVe:0840.080"
"LO10016101:1999_38:12";"267";"Missing reference in file 1";"IT:ASVe:0840.080."
"LO10016101:1999_38:12";"278";"Missing reference in file 1";"IT:ASVe:3525.001."
"LO10016101:1999_38:12";"279";"Missing reference in file 2";"IT:ASVe:0840.080"
"LO10016101:1999_38:12";"279";"Missing reference in file 1";"IT:ASVe:0840.080."
"LO10016101:1999_38:12";"279";"Missing reference in file 1";"IT:ASVe:4050."
"LO10016101:1986_11:7";"163";"Missing reference in file 2";"IT:ASVe:0045.001.001."
"LO10016101:1986_11:7";"163";"Missing reference in file 1";"IT:ASVe:0045."
"LO10016101:1986_11:7";"163";"Missing reference in file 1";"IT:ASVe:0045."
"LO10016101:1986_11:7";"163";"Missing reference in file 1";"IT:ASVe:0045."
"LO10016101:1986_11:7";"164";"Missing reference in file 1";"IT:ASVe:0345."
"LO10016101:1986_11:7";"164";"Missing reference in file 1";"IT:ASVe:0045.001.003.002."
"LO10016101:1986_11:7";"164";"Missing reference in file 1";"IT:ASVe:0045.001.003.001."
"LO10016101:1986_11:7";"164";"Missing reference in file 1";"IT:ASVe:0010."
"LO10016101:1986_11:7";"165";"Missing reference in file 1";"IT:ASVe:0045.001.002."
"LO10016101:1986_11:7";"174";"Missing reference in file 1";"IT:ASVe:0045.001.002."
"LO10016101:1986_11:7";"174";"Missing reference in file 1";"IT:ASVe:0045.001.002."
"LO10016101:1986_11:7";"174";"Missing reference in file 1";"IT:ASVe:0045.001.002."
"LO10016101:1986_11:7";"176";"Missing reference in file 1";"IT:ASVe:0045.001.001."
"LO10016101:1986_11:7";"176";"Missing reference in file 1";"IT:ASVe:0045.001.001."
"LO10016101:1986_11:7";"176";"Missing reference in file 1";"IT:ASVe:0045.001.001."
"LO10016101:1986_11:7";"178";"Missing reference in file 1";"IT:ASVe:0045.001.002."
"LO10016101:1986_11:7";"179";"Missing page in file 1";""
"LO10016101:1986_11:7";"182";"Missing reference in file 1";"IT:ASVe:0045.001.002."
"LO10016101:1986_11:7";"183";"Missing page in file 1";""
"LO10016101:1986_11:7";"185";"Missing reference in file 1";"IT:ASVe:0045.001.002.002."
"LO10016101:1986_11:7";"185";"Missing reference in file 1";"IT:ASVe:0045.001.002.002."
"LO10016101:1986_11:7";"185";"Missing reference in file 1";"IT:ASVe:0045.001.002.002."
"LO10016101:1986_11:7";"187";"Missing page in file 1";""
"LO10016101:1986_11:7";"189";"Missing reference in file 1";"IT:ASVe:0045.001.001."
"LO10016101:1986_11:7";"189";"Missing reference in file 1";"IT:ASVe:0045.001.001."
"LO10016101:1986_11:7";"189";"Missing reference in file 1";"IT:ASVe:0045.001.001."
"LO10016101:1986_11:7";"189";"Missing reference in file 1";"IT:ASVe:0045.001.001."
"LO10016101:1986_11:7";"189";"Missing reference in file 1";"IT:ASVe:0345."
"LO10016101:1986_11:7";"189";"Missing reference in file 1";"IT:ASVe:0795."
"LO10016101:1986_11:7";"189";"Missing reference in file 1";"IT:ASVe:0345."
"LO10016101:1986_11:7";"192";"Missing reference in file 1";"IT:ASVe:0045.001.002."
"LO10016101:1986_11:7";"193";"Missing reference in file 1";"IT:ASVe:0045.001.002."
"LO10016101:1986_11:7";"193";"Missing reference in file 1";"IT:ASVe:0045.001.002."
"LO10016101:1986_11:7";"193";"Missing reference in file 1";"IT:ASVe:0045.001.002."
"LO10016101:1986_11:7";"193";"Missing reference in file 1";"IT:ASVe:0045.001.002."
"LO10016101:1986_11:7";"194";"Missing reference in file 1";"IT:ASVe:0045.001.002."
"LO10016101:1986_11:7";"194";"Missing reference in file 1";"IT:ASVe:0045.001.002."
"LO10016101:1986_11:7";"194";"Missing reference in file 1";"IT:ASVe:0045.001.003.001."
"LO10016101:1986_11:7";"195";"Missing page in file 1";""
"LO10016101:1986_11:7";"196";"Missing reference in file 1";"IT:ASVe:0035."
"LO10016101:1986_11:7";"198";"Missing reference in file 2";"IT:ASVe:0045.001.003."
"LO10016101:1986_11:7";"198";"Missing reference in file 1";"IT:ASVe:0045.001.003.001."
"LO10016101:1986_11:7";"198";"Missing reference in file 1";"IT:ASVe:0045.001.002."
"LO10016101:1986_11:7";"198";"Missing reference in file 1";"IT:ASVe:0980."
"LO10016101:1986_11:7";"199";"Missing reference in file 1";"IT:ASVe:0045.001.002."
"LO10016101:1986_11:7";"199";"Missing reference in file 1";"IT:ASVe:0045.001.002."
"LO10016101:1986_11:7";"199";"Missing reference in file 1";"IT:ASVe:0045.001.002."
"LO10016101:1986_11:7";"200";"Missing page in file 1";""
"LO10016101:1986_11:7";"201";"Missing reference in file 1";"IT:ASVe:0980."
"LO10016101:1986_11:7";"202";"Missing reference in file 1";"IT:ASVe:0980."
"LO10016101:1986_11:7";"202";"Missing reference in file 1";"IT:ASVe:0980."
"LO10016101:1986_11:7";"202";"Missing reference in file 1";"IT:ASVe:0045.001.002."
"LO10016101:1986_11:7";"202";"Missing reference in file 1";"IT:ASVe:0045.001.002."
"LO10016101:1986_11:7";"202";"Missing reference in file 1";"IT:ASVe:0980."
"LO10016101:1986_11:7";"203";"Missing reference in file 1";"IT:ASVe:0045.001.002."
"LO10016101:1986_11:7";"203";"Missing reference in file 1";"IT:ASVe:0980."
"LO10016101:1986_11:7";"203";"Missing reference in file 1";"IT:ASVe:0045.001.002."
"LO10016101:1986_11:7";"203";"Missing reference in file 1";"IT:ASVe:0045.001.002."
"LO10016101:1986_11:7";"203";"Missing reference in file 1";"IT:ASVe:0980."
"LO10016101:1986_11:7";"205";"Missing reference in file 1";"IT:ASVe:0045.001.002."
"LO10016101:1986_11:7";"205";"Missing reference in file 1";"IT:ASVe:0045.001.002."
"LO10016101:1986_11:7";"205";"Missing reference in file 1";"IT:ASVe:0045.001.002."
"LO10016101:1986_11:7";"205";"Missing reference in file 1";"IT:ASVe:0045.001.002."
"LO10016101:1986_11:7";"206";"Missing page in file 1";""
"LO10016101:2001_41:8";"279";"Missing reference in file 2";"IT:ASVe:3525.001."
"LO10016101:2001_41:8";"279";"Missing reference in file 1";"IT:ASVe:0015.004.002."
"LO10016101:1966_8:8";"464";"Missing reference in file 1";"IT:ASVe:0295."
"LO10016101:2013_67:2";"35";"Missing reference in file 1";"IT:ASVe:4930."
"LO10016101:2013_67:2";"36";"Missing reference in file 1";"IT:ASVe:0040.005.015.002."
"LO10016101:2013_67:2";"45";"Missing reference in file 1";"IT:ASVe:0040.005.015.002."
"LO10016101:2013_67:2";"46";"Missing reference in file 1";"IT:ASVe:0990."
"LO10016101:2013_67:2";"47";"Missing reference in file 1";"IT:ASVe:0040.005.015.002."
"LO10016101:2013_67:2";"61";"Missing reference in file 1";"IT:ASVe:0040.005.015.002."
"LO10016101:2013_67:2";"62";"Missing page in file 2";""
"LO10016101:2013_67:2";"64";"Missing page in file 2";""
"LO10016101:2013_67:2";"67";"Missing page in file 2";""
"LO10016101:2013_67:2";"68";"Missing page in file 2";""
"LO10016101:2013_67:2";"69";"Missing page in file 2";""
"LO10016101:2013_67:2";"75";"Missing page in file 2";""
"LO10016101:2013_67:2";"76";"Missing page in file 2";""
"LO10016101:2013_67:2";"81";"Missing reference in file 1";"IT:ASVe:0990."
"RAV0164473:1975_13_2:7";"109";"Missing reference in file 1";"IT:ASVe:2521."
"RAV0164473:1975_13_2:7";"92";"Missing reference in file 1";"IT:ASVe:2521."
"RAV0164473:1975_13_2:7";"93";"Missing page in file 1";""
"RAV0164473:1975_13_2:7";"94";"Missing page in file 1";""
"RAV0164473:1975_13_2:7";"95";"Missing reference in file 1";"IT:ASVe:2521."
"RAV0164473:1975_13_2:7";"95";"Missing reference in file 1";"IT:ASVe:2521."
"RAV0164473:1975_13_2:7";"97";"Missing reference in file 1";"IT:ASVe:2521."
"RAV0164473:1975_13_2:7";"98";"Missing reference in file 1";"IT:ASVe:2521."
"RAV0164473:1975_13_2:7";"98";"Missing reference in file 1";"IT:ASVe:2521."
"LO10015953:1986_127:1";"14";"Missing page in file 1";""
"LO10015953:1986_127:1";"15";"Missing page in file 1";""
"LO10015953:1986_127:1";"16";"Missing reference in file 2";"IT:ASVe:4930.001."
"LO10015953:1986_127:1";"16";"Missing reference in file 1";"IT:ASVe:0040.005.015."
"LO10015953:1986_127:1";"26";"Missing reference in file 1";"IT:ASVe:0040.005.015.005."
"LO10015953:1986_127:1";"27";"Missing reference in file 1";"IT:ASVe:0040.005.015."
"LO10015953:1986_127:1";"27";"Missing reference in file 1";"IT:ASVe:4930.001."
"LO10016101:2002_44:6";"259";"Missing reference in file 1";"IT:ASVe:2006."
"LO10016101:2002_44:6";"259";"Missing reference in file 1";"IT:ASVe:2006."
"LO10016101:2007_54:8";"224";"Missing reference in file 1";"IT:ASVe:0015.003."
"RAV0164473:2011_10_1:8";"111";"Missing reference in file 2";"IT:ASVe:4120."
"RAV0164473:2011_10_1:8";"111";"Missing reference in file 1";"IT:ASVe:4120.660."
"RAV0164473:2011_10_1:8";"112";"Missing reference in file 1";"IT:ASVe:4120."
"RAV0164473:2011_10_1:8";"113";"Missing page in file 1";""
"RAV0164473:2011_10_1:8";"119";"Missing reference in file 2";"IT:ASVe:4120."
"RAV0164473:2011_10_1:8";"119";"Missing reference in file 1";"IT:ASVe:4120.660."
"RAV0164473:2011_10_1:8";"121";"Missing reference in file 1";"IT:ASVe:4120."
"RAV0164473:2011_10_1:8";"121";"Missing reference in file 1";"IT:ASVe:4120.660."
"RAV0164473:2011_10_1:8";"122";"Missing reference in file 1";"IT:ASVe:4120."
"RAV0164473:2011_10_1:8";"124";"Missing reference in file 2";"IT:ASVe:4120."
"RAV0164473:2011_10_1:8";"124";"Missing reference in file 1";"IT:ASVe:4120.660."
"RAV0164473:2011_10_1:8";"128";"Missing reference in file 2";"IT:ASVe:4120."
"RAV0164473:2011_10_1:8";"128";"Missing reference in file 1";"IT:ASVe:4120.660."
"RAV0164473:2011_10_1:8";"129";"Missing reference in file 2";"IT:ASVe:4120."
"RAV0164473:2011_10_1:8";"129";"Missing reference in file 1";"IT:ASVe:4120.660."
"RAV0164473:2011_10_1:8";"133";"Missing reference in file 1";"IT:ASVe:4120.660."
"RAV0164473:2011_10_1:8";"135";"Missing reference in file 1";"IT:ASVe:4120.660."
"LO10015953:1956_58-59:3";"75";"Missing reference in file 2";"IT:ASVe:0040.005.015."
"LO10015953:1956_58-59:3";"75";"Missing reference in file 1";"IT:ASVe:0040.005.015.005."
"LO10015953:1956_58-59:3";"75";"Missing reference in file 1";"IT:ASVe:0045.001.004."
"LO10015953:1956_58-59:3";"76";"Missing reference in file 1";"IT:ASVe:0045.001.004."
"LO10015953:1956_58-59:3";"76";"Missing reference in file 1";"IT:ASVe:0030.020."
"LO10015953:1956_58-59:3";"76";"Missing reference in file 1";"IT:ASVe:0030.020."
"LO10015953:1956_58-59:3";"77";"Missing reference in file 1";"IT:ASVe:0030.020."
"LO10015953:1956_58-59:3";"77";"Missing reference in file 1";"IT:ASVe:0030.020."
"LO10015953:1956_58-59:3";"78";"Missing reference in file 1";"IT:ASVe:0030.020."
"LO10015953:1956_58-59:3";"78";"Missing reference in file 1";"IT:ASVe:0047.004."
"LO10015953:1956_58-59:3";"78";"Missing reference in file 1";"IT:ASVe:0030.020."
"LO10015953:1956_58-59:3";"78";"Missing reference in file 1";"IT:ASVe:0040.005.015.002."
"LO10015953:1956_58-59:3";"78";"Missing reference in file 1";"IT:ASVe:0040.005.015.002."
"LO10015953:1956_58-59:3";"79";"Missing reference in file 1";"IT:ASVe:0030.020."
"LO10015953:1956_58-59:3";"79";"Missing reference in file 1";"IT:ASVe:0030.020."
"LO10015953:1956_58-59:3";"79";"Missing reference in file 1";"IT:ASVe:0030.020."
"LO10015953:1956_58-59:3";"79";"Missing reference in file 1";"IT:ASVe:0030.020."
"LO10015953:1956_58-59:3";"79";"Missing reference in file 1";"IT:ASVe:0030.020."
"LO10015953:1956_58-59:3";"79";"Missing reference in file 1";"IT:ASVe:0030.020."
"LO10015953:1956_58-59:3";"79";"Missing reference in file 1";"IT:ASVe:0030.020."
"LO10015953:1956_58-59:3";"80";"Missing reference in file 2";"IT:ASVe:0040.005.015."
"LO10015953:1956_58-59:3";"80";"Missing reference in file 1";"IT:ASVe:0040.005.015.002."
"LO10015953:1956_58-59:3";"81";"Missing reference in file 1";"IT:ASVe:0030.020."
"LO10015953:1956_58-59:3";"81";"Missing reference in file 1";"IT:ASVe:0030.020."
"LO10015953:1956_58-59:3";"81";"Missing reference in file 1";"IT:ASVe:0030.020."
"LO10015953:1956_58-59:3";"81";"Missing reference in file 1";"IT:ASVe:0030.020."
"LO10015953:1956_58-59:3";"82";"Missing reference in file 1";"IT:ASVe:0030.020."
"LO10015953:1956_58-59:3";"82";"Missing reference in file 1";"IT:ASVe:0030.020."
"LO10015953:1956_58-59:3";"82";"Missing reference in file 1";"IT:ASVe:0030.020."
"LO10015953:1956_58-59:3";"82";"Missing reference in file 1";"IT:ASVe:0030.020."
"LO10015953:1956_58-59:3";"82";"Missing reference in file 1";"IT:ASVe:0030.020."
"LO10015953:1956_58-59:3";"83";"Missing reference in file 1";"IT:ASVe:0030.020."
"LO10015953:1956_58-59:3";"83";"Missing reference in file 1";"IT:ASVe:0030.020."
"LO10015953:1956_58-59:3";"83";"Missing reference in file 1";"IT:ASVe:0040.005.015.002."
"LO10015953:1956_58-59:3";"83";"Missing reference in file 1";"IT:ASVe:0030.020."
"LO10015953:1956_58-59:3";"84";"Missing reference in file 2";"IT:ASVe:0040.005.015."
"LO10015953:1956_58-59:3";"84";"Missing reference in file 2";"IT:ASVe:0040.005.015."
"LO10015953:1956_58-59:3";"84";"Missing reference in file 1";"IT:ASVe:0040.005.015.002."
"LO10015953:1956_58-59:3";"84";"Missing reference in file 1";"IT:ASVe:0030.020."
"LO10015953:1956_58-59:3";"84";"Missing reference in file 1";"IT:ASVe:0040.005.015.002."
"LO10015953:1956_58-59:3";"84";"Missing reference in file 1";"IT:ASVe:0030.020."
"LO10015953:1956_58-59:3";"85";"Missing reference in file 2";"IT:ASVe:0040.005.015."
"LO10015953:1956_58-59:3";"85";"Missing reference in file 1";"IT:ASVe:0040.005.015.002."
"LO10015953:1956_58-59:3";"86";"Missing reference in file 2";"IT:ASVe:0040.005.015."
"LO10015953:1956_58-59:3";"86";"Missing reference in file 2";"IT:ASVe:0040.005.015."
"LO10015953:1956_58-59:3";"86";"Missing reference in file 1";"IT:ASVe:0040.005.015.002."
"LO10015953:1956_58-59:3";"86";"Missing reference in file 1";"IT:ASVe:0040.005.015.002."
"LO10015953:1956_58-59:3";"87";"Missing reference in file 2";"IT:ASVe:0040.005.015."
"LO10015953:1956_58-59:3";"87";"Missing reference in file 2";"IT:ASVe:0040.005.015."
"LO10015953:1956_58-59:3";"87";"Missing reference in file 1";"IT:ASVe:0040.005.015.002."
"LO10015953:1956_58-59:3";"87";"Missing reference in file 1";"IT:ASVe:0040.005.015.002."
"LO10015953:1956_58-59:3";"88";"Missing reference in file 2";"IT:ASVe:0040.005.015."
"LO10015953:1956_58-59:3";"88";"Missing reference in file 2";"IT:ASVe:0040.005.015."
"LO10015953:1956_58-59:3";"88";"Missing reference in file 2";"IT:ASVe:0040.005.015."
"LO10015953:1956_58-59:3";"88";"Missing reference in file 1";"IT:ASVe:0040.005.015.002."
"LO10015953:1956_58-59:3";"88";"Missing reference in file 1";"IT:ASVe:0040.005.015.002."
"LO10015953:1956_58-59:3";"88";"Missing reference in file 1";"IT:ASVe:0040.005.015.002."
"LO10015953:1956_58-59:3";"90";"Missing reference in file 2";"IT:ASVe:0040.005.015."
"LO10015953:1956_58-59:3";"90";"Missing reference in file 2";"IT:ASVe:0040.005.015."
"LO10015953:1956_58-59:3";"90";"Missing reference in file 1";"IT:ASVe:0040.005.015.002."
"LO10015953:1956_58-59:3";"90";"Missing reference in file 1";"IT:ASVe:0040.005.015.002."
"LO10015953:1956_58-59:3";"91";"Missing reference in file 2";"IT:ASVe:0040.005.015."
"LO10015953:1956_58-59:3";"91";"Missing reference in file 2";"IT:ASVe:0040.005.015."
"LO10015953:1956_58-59:3";"91";"Missing reference in file 1";"IT:ASVe:0045.001.004."
"LO10015953:1956_58-59:3";"91";"Missing reference in file 1";"IT:ASVe:0040.005.015.002."
"LO10015953:1956_58-59:3";"91";"Missing reference in file 1";"IT:ASVe:0040.005.015.002."
"LO10015953:1956_58-59:3";"92";"Missing reference in file 1";"IT:ASVe:0045.001.004."
"LO10016101:2006_51:13";"278";"Missing reference in file 2";"IT:ASVe:4966."
"LO10016101:2006_51:13";"278";"Missing reference in file 1";"IT:ASVe:0045.009."
"LO10016101:2006_51:13";"279";"Missing reference in file 2";"IT:ASVe:4966.001."
"LO10016101:2006_51:13";"279";"Missing reference in file 1";"IT:ASVe:4535."
"LO10016101:2006_51:13";"280";"Missing page in file 2";""
"LO10016101:2006_51:13";"281";"Missing reference in file 1";"IT:ASVe:0010."
"LO10016101:2006_51:13";"281";"Missing reference in file 1";"IT:ASVe:0010."
"LO10016101:2006_51:13";"281";"Missing reference in file 1";"IT:ASVe:0010.001."
"LO10016101:2006_51:13";"281";"Missing reference in file 1";"IT:ASVe:4535."
"LO10016101:2006_51:13";"289";"Missing page in file 1";""
"LO10016101:2006_51:13";"292";"Missing page in file 2";""
"LO10016101:2006_51:13";"293";"Missing page in file 2";""
"LO10016101:2006_51:13";"294";"Missing reference in file 1";"IT:ASVe:4025."
"LO10016101:2006_51:13";"295";"Missing page in file 2";""
"LO10016101:2006_51:13";"296";"Missing page in file 2";""
"LO10016101:2006_52:19";"459";"Missing reference in file 1";"IT:ASVe:0325.111."
"LO10016101:2006_52:19";"459";"Missing reference in file 1";"IT:ASVe:0840.080."
"LO10016101:2006_52:19";"460";"Missing reference in file 1";"IT:ASVe:3525.001."
